id,shapeid,name,wikidata,class,sdate,edate,version,versionset
1,166,Namibia,1030,na,1990-03-21,1994-02-27,1,
2,214,Union of India,1775277,in,1948-09-19,1948-12-31,1,
3,236,Cochinchina,505503,fr- cochinochina,1945-08-23,1949-06-13,1,
4,280,Federation of Rhodesia and Nyasaland,654342,gb- rhodesia-nyasaland,1953-08-01,1963-12-31,1,
5,284,Ruanda-Urundi,590743,ruanda-urundi fr-,1922-11-01,1962-06-30,1,
6,287,Southern Cameroons,1542471,southern-cameroons gb-,1961-06-01,1961-10-01,1,
7,290,Western Sahara,6250,eh limit ma-,1979-01-01,9,1,
8,235,State of Somaliland,662653,somaliland,1960-06-26,1960-06-30,1,
9,292,Trust Territory of Somalia,616221,so un it-,1949-11-01,1960-06-30,1,
10,294,Spanish West Africa,1191986,eh es-,1934-01-01,1958-01-11,1,
11,298,Saint Christopher-Nevis-Anguilla,1637975,gb- kn ai kn-ai,1958-01-04,1980-12-17,1,
12,331,Protectorate of South Arabia,1517772,gb- yd protectorate-south-arabia,1963-01-18,1967-11-29,1,
13,336,North Borneo,1147441,gb- north-borneo,1945-08-15,1946-07-14,1,
14,337,Sarawak,5589708,gb- sarawak,1945-08-15,1963-09-16,1,
15,356,French West Africa,210682,fr- french-west-africa,1945-01-01,1958-10-04,1,
16,357,French Equatorial Africa,271894,fr- french-equatorial-africa,1940-11-12,1958-11-30,1,
17,358,Newfoundland,38610,gb- newfoundland,1907-01-01,1949-03-30,1,
18,360,Cyrenaica,370372,cyrenaica,1949-03-01,1951-12-23,1,
19,361,Tripolitania,-1,tripolitania,1949-03-01,1951-12-23,1,
20,362,British Military Administration of Libya,-1,gb- british-libya,1942-11-01,1949-02-28,1,
21,363,Fezzan-Ghadames,3518801,fr- fezzan-ghadames,1943-01-01,1951-12-23,1,
22,369,British Togoland,797527,gb- british-togoland,1922-07-20,1956-12-13,1,
23,370,Colony of the Gold Coast,503623,gb- gh,1901-01-01,1956-12-12,1,
24,371,French Madagascar,5501842,fr- mg,1897-02-28,1958-10-13,1,
25,375,Japan,17,jp,1952-04-28,1973-05-13,1,
26,376,Japan,17,jp,1973-05-14,9,1,
27,376,Japan,696251,jp,1945-08-28,1952-04-27,1,
28,384,Congo (Leopoldville),618399,zr cd,1960-07-01,1963-01-15,1,
29,386,Nigeria,1033,ng ng-,1967-05-30,1970-01-14,1,
30,290,Spanish Sahara,689837,eh es-,1958-01-12,1969-01-03,1,
31,290,Spanish Sahara,689837,eh es-,1969-01-04,1976-02-26,1,
32,390,Spanish Morocco,457242,es-,1913-02-27,1956-04-07,1,
33,391,French Protectorate in Morocco,907234,fr- ma,1912-03-30,1956-03-01,1,
34,412,French occupation zone,55309,de fr- french-occupation-zone-ww2,1945-05-05,1947-12-14,1,
35,415,Germany Federal Republic,713750,de,1949-05-23,1956-10-27,1,
36,237,Japanese occupation of the Dutch East Indies,702310,jp-,1942-02-02,1945-09-02,1,
37,419,Japanese occupation of the Dutch East Indies,702310,jp-,1942-02-02,1945-09-02,1,
38,420,Hyderabad,1240096,hyderabad gb-,1798-01-01,1947-08-14,1,
39,420,Hyderabad,1240096,hyderabad,1947-08-15,1948-09-18,1,
40,292,British occupation of Italian Somaliland,-1,so gb-,1941-11-27,1949-10-31,1,
41,292,Italian Somaliland,319984,so it-,1889-01-01,1936-05-08,1,
42,430,Vatican City,237,va,1929-02-11,9,1,
43,442,Denmark,35,dk dk-,1948-04-01,1979-04-30,1,
44,443,Denmark,35,dk dk-,1945-05-09,1948-03-30,1,
45,457,India,668,in,1961-12-19,1975-05-16,1,
46,459,India,668,in,1954-11-01,1961-12-18,1,
47,460,Dadra and Nagar Haveli,323904,pt- dadra,1814-01-01,1954-10-30,1,
48,462,India,668,in,1950-01-26,1954-10-30,1,
49,463,Kashmir,-1,kashmir limit pk- in-,1947-08-15,1948-12-31,1,
50,465,Israel,801,il,1994-05-04,9,1,
51,469,Mandatory Palestine,193714,gb- ps,1920-04-25,1948-05-13,1,
52,473,Union of India,1775277,in,1949-01-01,1950-01-25,1,
53,475,Union of India,1775277,in,1947-08-15,1948-09-18,1,
54,481,French occupation zone in Austria,-1,at fr-,1945-04-27,1955-05-15,1,
55,482,American occupation zone in Austria,-1,us- at us-occupation-zone-ww2,1945-04-27,1955-05-15,1,
56,483,Soviet occupation zone in Austria,-1,su- at,1945-04-27,1955-05-15,1,
57,485,British occupation zone in Austria,-1,gb- at gb-occupation-zone-ww2,1945-04-27,1955-05-15,1,
58,489,British Raj,129286,gb- in,1937-04-12,1947-08-14,1,
59,497,Arab Federation,796,arab-federation iq jo,1958-02-13,1958-08-01,1,
60,505,Trust Territory of New Guinea,1443945,un au- trust-territory-new-guinea,1919-06-28,1948-12-31,1,
61,506,Annam,10828323,fr- limit annam,1945-08-23,1954-04-30,1,
62,511,Territory of Papua,530560,au- un,1884-11-06,1948-12-31,1,
63,512,Tonkin,622778,fr-,1945-08-23,1954-04-30,1,
64,513,Japanese Korea,503585,kp kr ja- korea,1910-08-29,1945-08-14,1,
65,522,North Borneo,1147441,gb- north-borneo,1946-07-15,1963-09-15,1,
66,525,Japanese-occupied British Borneo,15243087,ja-,1942-04-01,1945-08-14,1,
67,573,South Georgia South Sandwich Islands,35086,gb- gs,1985-01-01,9,1,
68,574,Falkland Islands Dependencies,5431953,gb- gs fk- falkland-islands-dep,1902-01-01,1984-12-31,1,
69,583,French Guyana,3769,gf fr-,1930-06-06,1946-03-18,1,
70,584,Inini,1663537,inini fr-,1930-06-06,1946-03-18,1,
71,586,Thailand,-1,ja- th,1943-08-01,1945-03-25,1,
72,594,Ukraine,212,ua,2014-03-21,9,1,
73,595,Krim,15966495,limit ru- uk- krim,2014-03-21,9,1,
74,438,Gibraltar,1410,gi gb-,1713-04-11,9,1,
75,71,Monaco,235,mc,1861-01-1,9,1,
76,569,Cocos (Keeling) Islands,36004,au- cc,1955-11-23,9,1,
77,569,British Cocos Islands,15271645,gb- cc,1886-01-01,1955-11-22,1,
78,306,British Virgin Islands,25305,gb- vg,1958-01-04,9,1,
79,555,Saint Barthelemy,25362,fr- bl,1878-03-16,9,1,
80,173,Nauru,697,nr,1968-12-31,9,1,
81,173,Nauru,2072172,nr jp-,1942-08-26,1945-03-12,1,
82,173,Nauru,21816219,nr un au- nz- gb-,1945-03-13,1968-12-30,1,
83,176,Tuvalu,672,tv,1978-10-01,9,1,
84,176,Tuvalu,21815222,gb- tv,1976-01-01,1978-09-30,1,
85,344,Gilbert and Ellice Islands,1050859,gb- gilbert-ellice-islands,1916-01-12,1975-12-31,1,
86,447,Macau,3916279,mo pt-,1887-12-01,1999-12-19,1,
87,447,Macau,14773,mo cn,1999-12-20,1999-12-19,1,
88,116,Maldives,826,mv,1965-05-26,9,1,
89,547,Sint Maarten,26273,sx nl-,2010-10-10,9,1,
90,149,Marshall Islands,709,mh,1986-10-21,9,1,
91,542,Norfolk Island,31057,nf au-,1979-01-01,9,1,
92,437,Bermuda,23635,bm gb-,1707-01-01,9,1,
93,554,St. Martin,126125,fr- mf,1648-03-23,9,1,
94,578,Pitcairn Islands,35672,pn gb-,1938-12-19,9,1,
95,87,San Marino,238,sm,1738-01-01,9,1,
96,441,Guernsey,25230,gb- gg gb-cha,1945-05-09,9,1,
97,299,Anguilla,25228,gb- ai,1980-12-19,9,1,
98,520,Labuan,6420545,gb- labuan,1945-08-15,1946-07-14,1,
99,440,Jersey,785,gb- je gb-cha,1945-05-09,9,1,
100,451,Saint Helena,34497,sh gb-,1834-04-22,9,1,
102,538,Christmas Island,31063,cx au-,1957-01-01,9,1,
103,104,Liechtenstein,347,li,1866-08-24,9,1,
104,551,Aruba,21203,nl- aw,1986-01-01,9,1,
105,35,St. Kitts and Nevis,763,gb- kn,1980-12-18,1983-09-18,1,
106,35,St. Kitts and Nevis,763,kn,1983-09-19,9,1,
107,560,American Samoa,16641,us- as,1925-01-01,9,1,
108,452,Tristan da Cunha,220982,sh gb-,1938-01-12,9,1,
109,571,Cook Islands,26988,ck nz-,1965-08-04,9,1,
110,571,Protectorate of Cook Islands,15271680,ck nz-,1902-03-24,1965-08-03,1,
111,577,Saint Pierre and Miquelon,34617,fr- pm,1814-05-30,9,1,
112,381,Akrotiri and Dhekelia,37362,gb- akrotiri-dhekelia,1960-08-16,9,1,
113,564,Niue,34020,nu nz-,1974-10-19,7999-12-30,1,
114,564,Niue,15268575,nu nz-,1901-01-01,1974-10-18,1,
115,424,Cayman Islands,5785,ky gb-,1962-08-06,9,1,
116,566,Wallis and Futuna Islands,35555,fr- wf,1961-01-01,9,1,
117,86,Malta,233,mt,1964-09-21,9,1,
118,86,Malta Colony,6744657,gb- mt,1813-07-23,1964-09-20,1,
119,549,Caribbean Netherlands,27561,nl- bq,2010-10-10,9,1,
120,309,St. Vincent and the Grenadines,757,vc,1979-10-27,9,1,
121,309,St. Vincent,15240384,gb- vc,1958-01-04,1979-10-26,1,
122,20,Grenada,769,gd,1974-02-07,9,1,
123,20,Grenada,769,gb- gd,1958-01-04,1974-02-06,1,
124,467,All-Palestine Government,2051582,gaza ps,1948-05-14,1959-01-01,1,
125,467,Egyptian Gaza,7075778,eg- gaza ps,1959-01-02,1967-05-31,1,
126,453,Mayotte,17063,fr- yt,1975-07-06,9,1,
127,170,Seychelles,1042,sc,1976-06-29,9,1,
128,170,Colony of Seychelles,21821453,gb- seychelles,1903-01-01,1976-06-28,1,
129,141,Palau,695,pw,1994-10-01,9,1,
130,254,Trust Territory of the Pacific Islands,129237,pc,1986-11-02,1994-09-30,1,
131,76,Kiribati,710,ki,1979-07-12,9,1,
132,76,Kiribati,1050859,gb- ki,1976-01-01,1979-07-11,1,
133,543,U.S. Virgin Islands,11703,vi us-,1917-03-31,9,1,
134,548,Curacao,25279,cw,2010-10-10,9,1,
135,18,Barbados,244,bb,1966-11-30,9,1,
136,18,Barbados,244,gb- bb,1628-07-05,1966-11-29,1,
137,561,Northern Mariana Islands,16644,mp us-,1986-01-01,9,1,
138,6,Tonga,678,to,1970-06-04,9,1,
139,6,British Tonga,17197946,to,1900-05-18,1970-06-05,1,
140,67,Andorra,228,ad,1813-01-01,9,1,
141,461,French India,646374,fr- pondichery,1950-05-02,1954-10-30,1,
142,150,Micronesia,702,fm,1986-11-03,9,1,
143,255,Trust Territory of the Pacific Islands,129237,pc,1986-10-21,1986-11-02,1,
144,256,Trust Territory of the Pacific Islands,129237,pc,1947-07-18,1986-10-20,1,
145,256,South Pacific Mandate,718763,pc ja- nanyo,1919-06-28,1947-07-17,1,
146,471,French India,646374,fr- pondichery,1769-01-01,1950-05-01,1,
147,34,Antigua and Barbuda,781,ag,1981-11-01,9,1,
148,34,Colony of Antigua,Q22007334,gb- ag,1962-01-01,1967-12-31,1,
149,34,Antigua and Barbuda,781,gb- ag,1968-01-01,1981-10-31,1,
150,562,Guam,16635,us- gu,1950-07-01,9,1,
151,562,Guam,16635,us- gu,1944-08-10,1950-06-30,1,
152,198,Singapore,334,sg,1965-08-09,9,1,
153,198,Singapore,334,sg,1963-08-31,1963-09-15,1,
154,598,Colony of Singapore,4373718,sg cx cc gb-,1946-04-01,1955-11-22,1,
155,198,Japanese-occupied Singapore,715645,sg ja-,1942-02-15,1945-08-14,1,
156,439,Isle of man,9676,gb- im,1765-01-01,9,1,
157,317,Turks and Caicos Islands,18221,gb- tc,1973-07-10,9,1,
158,21,St. Lucia,760,lc,1979-02-22,9,1,
159,21,St. Lucia,760,gb- lc,1967-03-01,1979-02-21,1,
160,21,St. Lucia,760,gb- lc,1939-01-01,1967-02-28,1,
161,125,Bahrain,398,bh,1971-08-15,9,1,
162,125,Protectorate of Bahrain,21816225,gb- bh,1892-01-01,1971-08-14,1,
163,19,Dominica,784,dm,1978-11-03,9,1,
164,19,Dominica,784,gb- dm,1958-01-04,1978-11-02,1,
165,550,Netherlands Antilles,25227,nl- an,1986-01-01,2010-10-09,1,
166,305,Montserrat,13353,gb- ms,1958-01-04,9,1,
167,304,British Leeward Islands,1796551,gb- british-leeward-islands,1940-01-01,1958-01-03,1,
168,450,Hong Kong,8646,hk cn,1997-07-01,9,1,
169,450,British Hong Kong,1054923,hk gb-,1842-08-29,1941-12-24,1,
170,450,Japanese occupation of Hong Kong,701967,hk ja-,1941-12-24,1945-08-15,1,
171,450,British Hong Kong,1054923,hk gb-,1945-08-16,1997-06-30,1,
172,427,Martinique,17054,fr- mq,1946-03-19,9,1,
173,79,Sao Tome and Principe,1039,st,1975-07-12,9,1,
174,79,Sao Tome and Principe,7232692,pt- st,1901-01-01,1975-07-11,1,
175,552,Netherlands Antilles,25227,nl- an,1954-12-15,1985-12-31,1,
176,552,Curacao and Dependencies,1953333,nl- an,1845-01-01,1954-12-14,1,
177,429,Faroe Islands,4628,dk- fo,1948-04-01,9,1,
178,470,Panama Canal Zone,498979,us- canal-zone panama-canal,1903-11-18,1979-10-01,1,
181,579,Aland,5689,ax fi-,1922-06-09,9,1,
182,426,Guadelope,17012,fr- gp,1946-03-19,9,1,
183,156,Comoros,970,km,1975-07-06,9,1,
184,308,British Windward Islands,2660774,gb- gb-windward-islands,1940-01-01,1958-01-03,1,
185,169,Mauritius,1027,mu,1968-03-12,9,1,
186,169,British Mauritius,12053604,gb- mu,1903-01-01,1968-03-11,1,
187,428,Reunion,17070,fr- re,1946-03-19,9,1,
188,408,Saar,310293,saar fr-,1947-12-15,1956-10-27,1,
189,105,Luxembourg,32,lu,1944-09-10,9,1,
190,183,People's Republic of Zanzibar and Pemba,157535,zanzibar,1963-12-19,1964-04-26,1,
191,183,Sultanate of Zanzibar,157904,zanzibar gb-,1856-10-19,1963-12-18,1,
192,519,Italian Dodecanese,555185,it- dodecanese,1919-01-01,1947-02-09,1,
193,5,German Samoa,701025,de- ws,1901-03-01,1920-01-09,1,
194,5,Samoa,683,ws,1962-01-01,9,1,
195,5,Western Samoa Trust Territory,-1,uk- ws,1920-01-10,1945-12-31,1,
196,5,Western Samoa Trust Territory,7988268,nz- un ws,1946-01-01,1961-12-31,1,
197,378,North Cyprus,23681,limit tr- cy- north-cyprus,1983-11-15,9,1,
198,458,Goa,323904,pt- goa,1814-01-01,1961-12-18,1,
199,39,Cape Verde,1011,cv,1975-07-05,9,1,
200,39,Portuguese Cape Verde,3023340,pt- cv,1461-12-23,1975-07-04,1,
201,479,Transnistria,907112,limit mo- transnistria,1992-07-21,9,1,moldova
202,474,French Polynesia,30971,fr- pf,1946-01-01,9,1,
203,374,US occupation of Ryukyu Islands,55526,us-,1952-04-28,1973-05-13,1,
204,3,Colony of Trinidad and Tobago,21876053,gb- tt,1889-01-01,1963-08-30,1,
205,3,Trinidad and Tobago,754,tt,1962-08-31,9,1,
206,138,Brunei,921,bn,1984-01-01,9,1,
207,138,Protectorate of Brunei,15243076,bn gb-,1959-09-29,1983-12-31,1,
208,138,Protectorate of Brunei,15243069,bn gb-,1945-08-15,1959-09-28,1,
209,466,Jordan West Bank,2893000,jo- westbank ps,1948-05-14,1967-05-03,1,
210,379,Cyprus,229,cy,1983-11-15,9,1,
211,464,Palestinian Authority,42620,ps westbank gaza,1994-05-04,9,1,
212,456,Protectorate of Sikkim,1505,in- sikkim,1947-08-15,1975-05-16,1,
213,289,British Cameroons,1028835,british-cameroons gb-,1919-06-28,1961-05-31,1,
214,444,Abkhazia,23334,limit abkhazia ge-,2008-08-30,9,1,
215,297,French Guyana,3769,fr- gf,1946-03-19,9,1,
216,380,Cyprus,229,cy,1960-08-16,1983-11-14,1,
217,296,Puerto Rico,1183,us- pr,1897-11-25,9,1,
218,382,British Cyprus,15240466,gb- cy,1914-01-01,1960-08-15,1,
219,92,Lebanon,822,lb,1943-11-08,9,1,
220,92,State of Greater Lebanon,130842,lb fr-,1920-09-01,1943-11-07,1,
221,221,Kosovo,1246,cs xk,2008-02-17,9,1,
222,53,The Gambia,1005,gm,1965-02-18,9,1,
223,53,Gambia Colony and Protectorate,3557236,gm gb-,1889-01-01,1965-08-17,1,
224,24,Jamaica,766,jm,1962-08-06,9,1,
225,24,Colony of Jamaica,2526023,gb- jm,1905-01-01,1962-08-05,1,
226,128,Qatar,846,qa,1971-09-03,9,1,
227,128,Protectorate of Qatar,21816812,qa gb-,1916-01-01,1971-09-02,1,
228,434,Falkland Islands,9648,fk gb-,1841-01-01,9,1,
229,25,Bahamas,778,bs,1973-07-10,9,1,
230,25,Bahamas,21815597,gb- bs,1901-01-01,1973-07-09,1,
232,177,Vanuatu,686,vu,1980-06-30,9,1,
233,177,New Hebrides,752431,gb- nh,1906-01-01,1980-06-29,1,
234,220,Montenegro,236,me,2006-06-03,9,1,
235,171,Timor Leste,574,tl,2002-05-20,9,1,
236,171,Portuguese Timor,142965,pt- tl,1869-01-01,1976-06-30,1,
237,127,Kuwait,817,kw,1961-06-19,9,1,
238,127,British Kuwait,3480281,gb- kw,1927-01-01,1961-06-18,1,
239,160,Swaziland,1050,sz,1968-09-06,9,1,
240,160,Colony of Swaziland,21815946,gb- sz,1906-01-01,1968-09-05,1,
241,164,Fiji,712,fj,1970-10-10,9,1,
242,164,Colony of Fiji,5148320,fj,1877-01-01,1970-10-09,1,
243,425,New Caledonia,33788,fr- nc,1961-01-01,9,1,
244,567,New Caledonia,33788,fr- nc,1946-03-19,1960-12-31,1,
245,567,Colony of New Caledonia,-1,fr- nc,1853-09-24,1946-03-18,1,
246,101,Slovenia,215,si,1992-04-27,9,1,
247,30,El Salvador,792,sv,1898-11-13,9,1,
248,60,Israel,801,il,1948-05-14,1967-05-03,1,
249,54,Djibouti,977,dj,1977-06-27,9,1,
250,54,French Territory of the Afars and the Issas,1450765,ai,1967-07-05,1977-06-26,1,
251,54,French Somaliland,333126,dy bj,1941-11-27,1967-07-04,1,
252,26,Belize,242,bz,1981-09-21,9,1,
253,26,British Honduras,1643555,gb- bz,1971-01-01,1981-09-20,1,
254,26,British Honduras,1643555,gb- bz,1884-10-02,1970-12-31,1,
255,153,Rwanda,1037,rw,1962-01-07,9,1,
256,85,Macedonia,221,mk,1991-11-20,9,1,
257,75,Equatorial Guinea,983,cq,1968-10-12,9,1,
258,75,Spanish Guinea,1232509,es- gq,1926-08-11,1968-10-11,1,
259,175,Solomon Islands,685,sb,1978-07-07,9,1,
260,175,British Solomon Islands,13410267,gb- sb,1899-01-01,1978-07-06,1,
261,23,Haiti,790,ht,1844-02-27,9,1,
262,152,Burundi,967,bi,1962-07-01,9,1,
263,207,Israel,801,il,1979-05-01,1994-05-03,1,
264,81,Socialist People's Republic of Albania,467864,al,1944-11-28,1992-01-01,1,
265,81,Albania,222,al,1992-01-02,9,1,
266,123,Armenia,399,am,1991-12-21,9,1,
267,102,Belgium,31,be be-,1919-06-28,9,1,
268,157,Lesotho,1013,ls,1966-10-04,9,1,
269,157,Basutoland,2340665,gb- ls,1884-01-01,1966-10-03,1,
270,48,Guinea-Bissau,1007,gw,1974-09-10,9,1,
271,48,Province of Guinea,2002279,gw pt-,1951-01-01,1974-09-09,1,
272,48,Portuguese Guinea,2002279,gw pt-,1936-01-01,1950-12-31,1,
273,593,Moldova,217,md,1991-08-27,9,2,moldova
274,436,Netherlands,55,nl nl-,1945-05-05,9,1,
275,190,Taiwan,865,tw,1949-12-01,9,1,
276,190,Taiwan,319881,tw,1895-03-23,1895-10-20,1,
277,190,Taiwan,137816,tw jp-,1895-10-21,1945-10-24,1,
278,137,Bhutan,917,bt,1907-12-17,9,1,
279,410,French occupation zone,55309,de fr-,1947-12-15,1949-05-22,1,
280,107,Switzerland,39,ch,1848-11-12,9,1,
281,97,Denmark,35,dk dk-,1979-05-01,9,1,
282,373,Morocco,1028,ma,1979-08-05,9,1,
283,373,Morocco,1028,ma,1958-03-04,1969-01-03,1,
284,109,Estonia,191,ee,1991-09-06,9,1,
285,22,Dominican Republic,786,do,1865-03-03,9,1,
286,100,Slovakia,214,sk,1993-01-01,9,1,
287,45,Spain,29,es es-,1978-12-06,9,1,
288,45,Kingdom of Spain,1044536,es es-,1874-12-29,1931-04-13,1,
289,45,Spain,178038,es es-,1931-04-14,1939-04-01,1,
290,45,Spanish State,13474305,es es-,1939-04-02,1978-12-05,1,
291,372,Malagasy Republic,6740997,fr- mg,1958-10-14,1960-06-25,1,
292,28,Costa Rica,800,cr,1847-03-21,9,1,
293,82,Bosnia and Herzegovina,225,ba,1992-04-27,9,1,
294,575,British Indian Ocean Territory,43448,gb- io,1976-06-23,9,1,
295,575,British Indian Ocean Territory,43448,gb- io,1965-11-08,1976-06-22,1,
296,83,Croatia,224,hr,1992-04-27,9,1,
297,80,Togo,945,tg,1960-04-27,9,1,
298,80,French Togoland,797214,fr- tg,1958-10-05,1960-04-26,1,
299,582,Svalbard,25231,no- sj,1945-05-08,9,1,
300,111,Latvia,211,lv,1991-09-06,9,1,
301,112,Lithuania,37,lt,1991-09-06,9,1,
302,119,Sri Lanka,854,lk,1972-05-22,9,1,
303,119,British Ceylon,918153,gb- lk,1815-03-05,1948-02-03,1,
304,119,Ceylon,2670092,lk,1948-02-04,1972-05-21,1,
305,37,Ireland,27,ie,1949-04-18,9,1,
306,37,Irish Free State,31747,ie,1922-12-08,1949-04-17,1,
307,90,Georgia,230,ge,1991-12-21,9,1,
308,130,United Arab Emirates,878,ae,1971-12-02,9,1,
309,130,Trucial States,1852345,gb- ae,1902-01-01,1971-12-01,1,
310,52,Sierra Leone,1044,sl,1961-04-27,9,1,
311,52,Colony of Sierra Leone,15240191,gb- sl,1924-01-01,1961-04-26,1,
313,33,Panama,804,pa,1903-11-03,9,1,
314,222,Serbia,403,rs,2008-02-17,9,1,
315,387,Biafra,178469,biafra ng- limit,1967-05-30,1970-01-14,1,
316,96,Czech Republic,213,cz,1993-01-01,9,1,
317,95,Austria,40,at,1955-05-15,9,1,
318,124,Azerbaijan,227,az,1991-12-21,9,1,
319,219,Serbia,403,rs,2006-06-03,2008-02-16,1,
320,208,Israel,801,il,1967-06-01,1979-04-30,1,
321,61,Jordan,810,jo,1958-08-02,9,1,
322,61,Jordan,810,jo,1946-05-25,1958-02-14,1,
323,44,Portugal,45,pt pt-,1808-01-01,9,1,
324,98,Hungary,28,hu,1989-10-23,9,1,
325,98,People's Republic of Hungary,16410,hu,1949-08-20,1989-10-22,1,
326,98,Republic of Hungary,940741,hu,1946-02-01,1949-08-19,1,
327,42,Liberia,1014,lr,1847-06-26,9,1,
328,143,People's Republic of Korea,484370,kr korea,1945-08-15,1945-09-08,1,
329,143,South Korea,884,kr,1948-08-15,9,1,
330,143,US occupation of Korea,484104,kr us-,1945-09-09,1948-08-14,1,
331,409,British occupation zone,55306,de gb- gb-occupation-zone-ww2,1945-05-05,1949-05-22,1,
332,216,Serbia and Montenegro,37024,yu,1992-04-27,2006-06-02,1,
333,36,Iceland,189,is,1918-12-01,9,1,
334,414,Soviet occupation zone,55300,dd su-,1945-05-05,1949-10-04,1,
335,411,American occupation zone,55304,de us- us-occupation-zone-ww2,1945-05-05,1949-05-22,1,
336,413,Germany Democratic Republic,16957,dd,1949-10-05,1990-10-02,1,
337,16,Guatemala,774,gt,1823-07-01,9,1,
338,29,Cuba,241,cu,1902-05-20,9,1,
339,88,Bulgaria,219,bg,1940-09-07,9,1,
340,31,Honduras,783,hn,1925-01-01,9,1,
341,73,Benin,962,bj,1990-03-01,9,1,
342,73,People's Republic of Benin,862701,bj,1975-11-30,1990-02-28,1,
343,73,French Dahomey,797505,fr- bj dy,1958-10-05,1960-07-31,1,
344,73,Republic of Dahomey,798431,dy bj,1960-08-01,1975-11-29,1,
345,278,Malawi,1020,mw,1964-07-06,9,1,
346,278,Nyasaland,1649306,gb- mw,1964-01-01,1964-07-05,1,
347,278,Nyasaland,1649306,gb- mw,1907-07-06,1953-07-31,1,
348,55,Eritrea,986,er,1993-05-24,9,1,
349,55,Eritrea,-1,er gb-,1941-11-27,1952-09-14,1,
350,140,North Korea,423,kp,1948-09-09,9,1,
351,140,Provisional People's Committee for North Korea,15242836,kp,1946-02-02,1948-09-08,1,
352,140,Soviet Civil Authority,15242873,kp su-,1945-08-15,1946-02-01,1,
353,218,Yugoslavia,37024,yu,1992-04-07,1993-04-07,1,
354,518,Greece,209065,gr,1945-06-01,1947-02-09,1,
355,180,Czechoslovakia,33946,cs,1946-01-01,1992-12-03,1,
356,32,Nicaragua,811,ni,1933-01-01,9,1,
357,91,Greece,209065,gr,1947-02-10,1973-12-07,1,
358,91,Greece,41,gr,1973-12-08,9,1,
359,394,Federation of Malaya,1479726,my,1948-01-31,1957-08-30,1,
360,394,Malayan Union,976099,my gb-,1946-04-01,1948-01-30,1,
361,196,Malaysia,833,my,1957-08-31,1963-09-15,1,
362,196,Japanese-occupied Malaya,713768,my ja-,1942-01-31,1945-08-14,1,
363,189,Yemen Arab Republic,267584,ye,1962-09-26,1990-05-21,1,
364,189,Mutawakkilite Kingdom of Yemen,580188,ye,1918-10-30,1962-09-25,1,
365,235,British Somaliland,662653,somaliland gb-,1920-01-01,1960-06-26,1,
366,445,Somaliland,34754,limit somaliland so-,1991-05-18,9,1,somalia
367,136,Bangladesh,902,bd,1971-12-16,9,1,
368,135,Tajikistan,863,tj,1991-09-09,9,1,
369,2,Dutch Guiana,7646305,nl- sr,1831-01-01,1954-12-14,1,
370,2,Suriname,730,sr,1975-11-25,9,1,
371,2,Suriname,19901436,nl- sr,1954-12-15,1975-11-24,1,
372,133,Nepal,837,np,1768-01-01,9,1,
373,72,Tunisia,948,tn,1956-03-20,9,1,
374,72,French protectorate of Tunisia,2017684,fr- tn,1881-05-12,1956-03-19,1,
375,194,Vietnam,172640,vd,1954-05-01,1976-07-01,1,
376,193,Republic of Vietnam,180573,vn,1954-05-01,1976-07-01,1,
377,14,Uruguay,77,uy,1828-08-27,9,1,
378,215,Yugoslavia,37024,yu,1992-01-15,1992-04-06,1,
379,144,Cambodia,424,kh,1953-11-09,9,1,
380,144,French Cambodia,3173090,kh fr-,1945-10-27,1953-11-08,1,
381,144,Kingdom of Kampuchea,-1,kh,1945-03-12,1945-10-26,1,
382,209,Syria,858,sy,1967-06-01,9,1,
383,93,Syria,858,sy,1946-01-01,1967-05-03,1,
384,51,Senegal,1041,sn,1960-04-04,9,1,
385,51,French Senegal,-1,fr- sn,1958-10-05,1960-06-19,1,
386,132,Kyrgyzstan,813,kg,1991-08-31,9,1,
387,108,Belarus,184,by,1991-08-25,9,1,
388,1,British Guiana,918126,gb- gy,1905-01-01,1966-05-25,1,
389,1,Guyana,734,gy,1966-05-26,9,1,
390,234,Yugoslavia,37024,yu,1991-11-20,1992-04-26,1,
391,145,Laos,819,la,1975-12-02,9,1,
392,145,Kingdom of Laos,870055,la fr-,1947-05-11,1953-11-08,1,
393,145,Kingdom of Laos,870055,la,1953-11-09,1975-12-01,1,
394,145,French Laos,870055,la fr-,1946-04-30,1947-05-10,1,
395,145,Lao Issara,94682,la ja-,1945-04-08,1945-08-14,1,
396,145,Lao Issara,94682,la,1945-08-15,1946-04-29,1,
397,114,Romania,218,ro,1941-01-01,9,1,
398,41,Ghana,117,gh,1957-03-06,9,1,
399,41,Colony of the Gold Coast,503623,gb- gh,1956-12-13,1957-03-05,1,
400,224,Uganda,1036,ug,1962-10-09,9,1,
401,224,Uganda Protectorate,1097943,gb- ug,1894-01-01,1962-10-08,1,
402,38,United Kingdom,145,gb gb-,1922-12-08,9,1,
403,47,Guinea,1006,gn,1958-10-02,9,1,
404,416,Germany Federal Republic,713750,de,1956-10-28,1990-10-02,1,
405,181,Yugoslavia,83286,yu,1946-01-01,1991-11-01,1,
406,11,Ecuador,736,ec,1942-02-26,9,1,
407,165,Gabon,1000,ga,1960-08-17,9,1,
408,165,French Gabon,-1,fr- ga,1958-12-01,1960-08-19,1,
409,167,New Zealand,664,nz nz-,1947-12-10,9,1,
410,167,New Zealand,2594990,nz gb-,1907-09-26,1947-12-09,1,
411,46,Upper Volta,797422,hv bf,1960-08-05,1984-08-04,1,
412,46,French Upper Volta,797440,fr- bf hv,1958-10-05,1960-08-04,1,
413,46,Burkina Faso,965,bf,1984-08-05,9,1,
414,329,Federation of South Arabia,834486,gb- yd federation-south-arabia,1963-01-18,1967-11-29,1,
415,330,Yemen People's Republic,199841,yd,1967-11-30,1990-05-21,1,
416,332,Aden Protectorate,834486,gb- ye,1869-01-01,1963-01-17,1,
417,142,Philippines,928,ph,1946-07-04,9,1,
418,142,Commonwealth of the Philippines,146328,ph us-,1935-11-15,1943-10-13,1,
419,142,Republic of the Philippines,2027229,ph ja-,1943-10-14,1945-08-16,1,
420,142,Commonwealth of the Philippines,146328,ph us-,1945-08-17,1946-07-03,1,
421,84,Italy,38,it,1947-02-10,9,1,
422,534,Italy,38,it,1945-04-25,1947-02-09,1,
423,117,Oman,842,om,1743-01-01,9,1,
424,99,Poland,36,pl,1945-05-05,9,1,
425,63,Norway,20,no no-,1905-08-13,9,1,
426,40,Cote d'Ivoire,1008,ci,1960-08-07,9,1,
427,40,Colony of Cote d'Ivoire,-1,fr- ci,1958-10-05,1960-08-06,1,
428,148,Empire of Vietnam,701337,vn ja-,1945-03-11,1945-08-22,1,
429,148,State of Vietnam,1193879,vn fr- limit,1949-06-14,1954-04-30,1,
430,148,Vietnam,881,vn,1976-07-02,9,1,
431,197,Malaysia,833,my,1965-08-09,9,1,
432,195,Malaysia,833,my,1963-09-16,1965-08-08,1,
433,521,British Military Administration (Malaya),4096586,my gb-,1945-08-15,1946-03-31,1,
434,110,Finland,33,fi,1918-01-04,9,1,
435,592,Congo,971,cg,1960-08-15,1969-12-31,1,
436,592,French Congo,265319,fr- cg,1958-12-01,1960-08-14,1,
437,592,Congo,971,cg,1992-03-15,9,1,
438,592,People's Republic of the Congo,1152126,cg,1970-01-01,1992-03-14,1,
439,179,Germany,183,de,1990-10-03,9,1,
440,155,Zimbabwe,954,zw,1965-11-11,9,1,
441,155,Southern Rhodesia,750583,gb- southern-rhodesia,1964-01-01,1965-11-10,1,
442,155,Southern Rhodesia,750583,gb- southern-rhodesia,1923-10-01,1953-07-31,1,
443,12,Paraguay,733,py,1938-01-01,9,1,
444,43,Morocco,1028,ma,1956-03-02,1958-03-03,1,
445,204,Morocco,1028,ma,1969-01-04,1976-03-31,1,
446,200,Cameroon,1009,cm,1960-01-01,1961-09-30,1,
447,200,French Cameroons,1028848,fr- cm,1958-12-01,1960-01-01,1,
448,342,Yemen,805,ye,1990-05-22,2000-06-11,1,
449,59,Iraq,796,iq,2004-06-28,9,1,
450,59,Iraq,3108185,iq,1968-07-17,2003-04-20,1,
451,59,Iraq under Coalition Provisional Authority,965174,iq,2003-04-21,2004-06-27,1,
452,59,Kingdom of Iraq,149805,iq,1932-10-03,1958-02-13,1,
453,59,Kingdom of Iraq,149805,iq gb-,1920-04-26,1932-10-02,1,
454,59,Republic of Iraq,3041595,iq,1958-08-02,1968-07-16,1,
455,65,Sweden,34,se,1905-08-13,9,1,
456,121,Uzbekistan,265,uz,1991-08-31,9,1,
457,122,Yemen,805,ye,2000-06-12,9,1,
458,174,Papua New Guinea,691,pg,1975-09-16,9,1,
459,174,Territory of Papua and New Guinea,2301972,au- pg,1949-01-01,1975-09-15,1,
460,68,Cameroon,1009,cm,1961-10-01,9,1,
461,120,Turkmenistan,874,tm,1991-10-27,9,1,
462,383,Katanga,1148907,katanga limit cd-,1960-07-01,1963-01-15,1,
463,446,Somalia,1045,so,1991-05-18,9,1,somalia
464,147,Thailand,869,th,1945-03-26,9,1,
465,103,France,212429,fr fr-,1944-01-01,9,1,
466,205,Morocco,1028,ma,1976-04-01,1979-08-04,1,
467,151,Botswana,963,bw,1966-09-30,9,1,
468,151,Bechuanaland Protectorate,747314,gb- bw,1894-01-01,1966-09-29,1,
469,226,Kenya,114,ke,1963-12-12,9,1,
470,226,British Kenya,2538511,gb- ke,1920-01-01,1963-12-11,1,
471,168,Madagascar,1019,mg,1960-06-26,9,1,
472,115,Ukraine,212,ua,1991-12-01,2014-03-20,1,
473,69,Central African Republic,929,cf,1960-08-13,9,1,
474,69,Ubangi-Shari,1421888,cf ubangi-shari,1958-12-01,1960-08-12,1,
475,233,South Sudan,958,ss,2011-07-09,9,1,
476,118,Somali Republic,7559152,so,1960-07-01,1969-10-20,1,
477,118,Somali Democratic Republic,1477220,so,1969-10-21,1991-05-17,1,
478,131,Afghanistan,1138904,af,1926-06-09,1973-07-16,1,
479,131,Afghanistan,889,af,2001-11-13,9,1,
480,131,Afghanistan,1415585,af,1992-04-28,2001-11-12,1,
481,131,Afghanistan,1415128,af,1973-07-17,1978-04-29,1,
482,131,Afghanistan,476757,af,1978-04-30,1992-04-27,1,
483,146,Union of Burma,15241296,mm,1948-01-04,1962-03-01,1,
484,146,British Burma,2376315,mm gb-,1945-03-26,1948-01-03,1,
485,146,Myanmar,836,mm,2011-03-30,9,1,
486,146,Socialist Republic of the Union of Burma,15241301,mm,1962-03-02,1988-09-17,1,
487,146,Myanmar,15266926,mm,1988-09-18,2011-03-29,1,
488,585,State of Burma,704358,ja- mm,1943-08-01,1945-03-25,1,
489,10,Chile,298,cl,1818-02-12,9,1,
490,154,Zambia,953,zm,1964-10-24,9,1,
491,154,Northern Rhodesia,953903,gb- zm,1964-01-01,1964-10-23,1,
492,154,Northern Rhodesia,953903,gb- zm,1924-04-01,1953-07-31,1,
493,94,Turkey,43,tr,1939-06-29,9,1,
494,158,Mozambique,1029,mz,1990-12-01,9,1,
495,158,Province of Mozambique,889394,pt- mz,1951-01-01,1975-06-24,1,
496,158,Portuguese Mozambique,889394,pt- mz,1942-12-31,1950-12-31,1,
497,158,People's Republic of Mozambique,617078,mz,1975-06-25,1990-11-31,1,
498,488,Namibia,1030,na,1994-02-28,9,1,
499,488,Namibia,953068,na za-,1915-01-01,1990-03-20,1,
500,201,Nigeria,5440850,ng,1960-10-01,1961-05-31,1,
501,201,Colony and Protectorate of Nigeria,5148517,gb- ng,1914-01-14,1960-09-30,1,
502,134,Pakistan,843,pk,1971-12-01,9,1,
503,385,Nigeria,5440850,ng,1961-06-01,1963-09-30,1,
504,385,Nigeria,1033,ng,1970-01-15,9,1,
505,385,Nigeria,1033,ng,1963-10-01,1967-04-30,1,
506,4,Venezuela,717,ve,1845-03-30,9,1,
507,191,China,148,cn,1949-12-01,9,1,
508,213,Dominion of Pakistan,2006542,pk,1947-08-15,1948-12-31,1,
509,210,Egypt,79,eg,1967-06-01,1979-04-30,1,
510,227,Tanganyika,431731,tanganyika,1961-12-09,1964-03-31,1,
511,227,Tanganyika Territory,158725,tanganyika gb-,1922-01-01,1961-12-08,1,
512,230,Tanzania,924,tz,1964-04-01,1996-01-31,1,
513,230,Tanzania,924,tz,1996-02-01,9,1,
514,89,Egypt,3087763,eg,1953-06-18,1958-02-21,1,
515,89,Egypt,79,eg,1961-09-01,1967-05-31,1,
516,89,Egypt,79,eg,1979-05-01,9,1,
517,89,Kingdom of Egypt,124943,eg,1922-02-28,1953-06-17,1,
518,192,Pakistan,843,pk,1956-03-23,1971-11-30,1,
519,192,Dominion of Pakistan,2006542,pk,1949-01-01,1956-03-22,1,
520,50,Mauritania,1025,mr,1960-11-28,1976-03-31,1,
521,50,Mauritania,1025,mr,1979-08-05,9,1,
522,50,Colonie de la Mauritanie,5148343,fr- mr,1958-12-01,1960-11-27,1,
523,8,Bolivia,750,bo,1840-01-01,9,1,
524,56,Ethiopia,115,et,1993-05-24,9,1,
525,56,Ethiopian Empire,207521,et,1941-11-01,1952-09-14,1,
526,206,Mauritania,1025,mr,1976-04-01,1979-08-04,1,
527,27,Colombia,739,co,1819-08-07,9,1,
528,203,Chad,657,td,1973-01-01,9,1,
529,77,Niger,1032,ne,1960-08-03,9,1,
530,77,Colonie du Niger,5148520,fr- colonie-du-niger,1958-10-05,1960-08-02,1,
531,188,Egypt (United Arab Republic),170468,eg,1958-02-22,1961-08-31,1,
532,159,South Africa,15243634,za,1990-03-01,1994-02-27,1,
533,159,South Africa,15243634,za za-,1931-12-11,1990-02-28,1,
534,159,South Africa,258,za,1994-02-28,9,1,
535,161,Angola,916,ao,1975-11-11,9,1,
536,161,Portuguese West Africa,2826232,pt- ao,1905-01-01,1950-12-31,1,
537,161,Province of Angola,2826232,pt- ao,1951-01-01,1971-12-31,1,
538,161,State of Angola,2826232,pt- ao,1972-01-01,1975-11-10,1,
539,405,Ethiopian Empire,207521,et,1962-11-15,1975-03-22,1,
540,405,Ethiopian-Eritrean Federation,2603305,et er,1952-09-15,1962-11-14,1,
541,405,Ethiopia,115,et,1975-03-21,1993-05-23,1,
542,49,Mali,912,ml,1960-09-22,9,1,
543,49,French Sudan,508014,ml fr-,1958-10-05,1960-06-19,1,
544,74,Chad,657,td,1960-08-11,1972-12-03,1,
545,74,Territory of Chad,5501708,fr-,1958-12-01,1960-08-10,1,
546,13,Peru,419,pe,1942-02-26,9,1,
547,199,Mali Federation,216632,ml fr-,1960-06-20,1960-07-31,1,
548,325,Indonesia,252,id,1945-08-17,1963-04-03,1,
549,57,Mongolia,711,mn,1992-02-13,9,1,
550,57,Mongolia,212056,mn,1924-11-26,1992-02-12,1,
551,70,Kingdom of Libya,31454,ly,1951-12-24,1969-08-31,1,
552,70,Libyan Arab Republic,10752698,ly,1969-09-01,1972-12-31,1,
553,126,Iran,794,ir,1979-11-06,9,1,
554,126,Iran,207991,ir,1946-05-01,1979-02-10,1,
555,126,Iran,3112669,ir,1979-02-11,1979-11-05,1,
556,202,Libyan Arab Jamahiriya,6452956,ly,1977-03-02,2011-08-27,1,
557,202,Libyan Arab Republic,10752698,ly,1973-01-01,1977-03-01,1,
558,202,Libya,1016,ly,2011-08-28,9,1,
559,232,Sudan,1049,sd,2011-07-09,9,1,
560,237,Dutch East Indies,188161,id nl-,1928-04-14,1942-02-01,1,
561,237,Dutch East Indies,188161,id nl-,1920-01-01,1928-04-13,1,
562,327,Netherlands New Guinea,941881,nl-,1949-12-27,1962-09-30,1,
563,327,Indonesia,252,id,2002-05-20,9,1,
564,327,Indonesia,252,id,1963-05-01,1976-06-30,1,
565,237,Dutch East Indies,188161,id nl-,1945-09-02,1949-12-26,1,
566,327,Indonesia,252,id,1976-07-01,2002-05-19,1,
567,129,Saudi Arabia,851,sa,2000-06-12,9,1,
568,228,Saudi Arabia,851,sa,1932-09-23,2000-06-11,1,
569,17,Mexico,96,mx,1821-09-27,9,1,
570,435,Greenland,223,gl dk-,1979-05-01,9,1,
571,66,Algeria,262,dz,1962-07-05,9,1,
572,66,French Algeria,218272,fr- dz,1919-01-01,1962-07-04,1,
573,163,Congo (Leopoldville),618399,zr cd,1963-01-16,1971-10-26,1,
574,163,Congo,974,cd,1997-05-17,9,1,
575,163,Zaire,6500954,zr cd,1971-10-27,1997-05-16,1,
576,163,Belgian Congo,213510,be- cd,1908-11-15,1960-06-30,1,
577,58,Sudan,1049,sd,1956-01-01,2011-07-08,1,
578,58,Anglo-Egyptian Sudan,541455,gb- eg- sd,1919-01-01,1955-12-31,1,
579,62,Kazakhstan,232,kz,1991-12-16,9,1,
580,7,Argentina,414,ar,1861-01-01,9,1,
581,212,India,668,in,1975-05-17,9,1,
582,172,Australia,408,au au-,1942-10-09,9,1,
583,9,Brazil,155,br,1822-09-07,9,1,
584,139,Republic of China,13426199,cn,1945-10-25,1949-11-31,1,
585,223,United States,30,us us-,1783-09-03,9,1,
586,15,Canada,16,ca,1931-12-11,1948-06-30,1,
587,178,Canada,16,ca,1948-07-01,9,1,
588,64,Russia,159,ru,1991-12-21,9,1,
589,217,USSR,15180,su,1991-09-06,1991-12-20,1,
590,182,USSR,15180,su,1946-01-01,1991-09-05,1,
591,264,French Comoros,15279062,fr- km,1958-10-14,1975-07-05,1,
592,596,Somalia,1045,so,1991-05-18,9,2,somalia
593,597,Colony of Singapore,4373718,sg cx gb-,1955-11-23,1956-12-31,1,
594,198,Colony of Singapore,4373718,sg gb-,1957-01-01,1963-08-30,1,
999,599,Antarctica,-1,,0,9,1,
595,113,Moldova,217,md,1991-08-27,9,1,moldova
